create table Author(
	AuthorID INT NOT NULL AUTO_INCREMENT PRIMARY KEY,
    AuthorFirstName varchar(20),
    AuthorLastName varchar(20),
    AuthorNationality varchar(20)
);
insert into Author VALUES
(1,'Sofia','Smith','Canada'),
(2,'Maria','Brown','Brazil'),
(3,'Elena','Martin','Mexico'),
(4,'Zoe','Roy','France'),
(5,'Sebastian','Lavoie','Canada'),
(6,'Dylan','Garcia','Spain'),
(7,'Ian','Cruz','Mexico'),
(8,'Lucas','Smith','USA'),
(9,'Fabian','Wilson','USA'),
(10,'Liam','Taylor','Canada'),
(11,'William','Thomas','Great Britain'),
(12,'Logan','Moore','Canada'),
(13,'Oliver','Martin','France'),
(14,'Alysha','Thompson','Canada'),
(15,'Isabelle','Lee','Canada'),
(16,'Emily','Clark','USA'),
(17,'John','Young','Canada'),
(18,'David','Wright','Canada'),
(19,'Thomas','Scott','Canada'),
(20,'Helena','Adams','Canada'),
(21,'Sofia','Carter','USA'),
(22,'Liam','Parker','Canada'),
(23,'Emily','Murphy','USA');

create table Book(
	BookID INT NOT NULL AUTO_INCREMENT PRIMARY KEY,
    BookTitle varchar(50),
    BookAuthor int(2),
    Genre varchar(20)
    );
    
insert into Book values
(1,'Build your database system',1,'Science'),
(2,'The red wall',2,'Fiction'),
(3,'The perfect match',3,'Fiction'),
(4,'Digital Logic',4,'Science'),
(5,'How to be a great lawyer',5,'Law'),
(6,'Manage successful negotiations',6,'Society'),
(7,'Pollution t oday',7,'Science'),
(8,'A gray park',2,'Fiction'),
(9,'How to be rich in one year',8,'Humor'),
(10,'Their bright fate',9,'Fiction'),
(11,'Black lines',10,'Fiction'),
(12,'History of theater',11,'Literature'),
(13,'Electrical transformers',12,'Science'),
(14,'Build your big data system',1,'Science'),
(15,'Right and left',13,'Children'),
(16,'Programming using Python',1,'Science'),
(17,'Commputer networks',14,'Science'),
(18,'Performance evaluation',15,'Science'),
(19,'Daily exercise',16,'Well Being'),
(20,'The silver uniform',17,'Fiction'),
(21,'Industrial revolution',18,'History'),
(22,'Grene nature',19,'Well Being'),
(23,'Perfect football',20,'Well Being'),
(24,'The chocolate love',21,'Humor'),
(25,'Director and leader',22,'Society'),
(26,'Play football every week',20,'Well Being'),
(27,'Maya the bee',13,'Children'),
(28,'Perfect Rugby',20,'Well Being'),
(29,'The end',23,'Fiction'),
(30,'Comptuer security',1,'Science'),
(31,'Participate',22,'Society'),
(32,'Positive figures',3,'Fiction');

create table Client(
	ClientID int NOT NULL AUTO_INCREMENT primary key,
    ClientFirstName varchar(20),
    ClientLastName varchar(20),
    ClientDoB int,
    Occupation varchar(50)
    );
    
insert into client values
(1, 'Kaiden', 'Hill', 2006, 'Student'),
(2, 'Alina', 'Morton', 2010, 'Student'),
(3, 'Fania', 'Brooks', 1983, 'Food Scientist'),
(4, 'Courtney', 'Jensen', 2006, 'Student'),
(5, 'Brittany', 'Hill', 1983, 'Firefighter'),
(6, 'Max', 'Rogers', 2005, 'Student'),
(7, 'Margaret', 'McCarthy', 1981, 'School Psychologist'),
(8, 'Julie', 'McCarthy', 1973, 'Professor'),
(9, 'Ken', 'McCarthy', 1974, 'Securities Clerk'),
(10,'Britany','O''Quinn',1984,'Violinist'),
(11,'Conner','Gardner',1998,'Licensed Massage Therapist'),
(12,'Mya','Austin',1960,'Parquet Floor Layer'),
(13,'Thierry','Rogers',2004,'Student'),
(14,'Eloise','Rogers',1984,'Computer Security Manager'),
(15,'Gerard','Jackson',1979,'Oil Exploration Engineer'),
(16,'Randy','Day',1986,'Aircraft Electrician'),
(17,'Jodie','Page',1990,'Manufacturing Director'),
(18,'Coral','Rice',1996,'Window Washer'),
(19,'Ayman','Austin',2002,'Student'),
(20,'Jaxson','Austin',1999,'Repair Worker'),
(21,'Joel','Austin',1973,'Police Officer'),
(22,'Alina','Austin',2010,'Student'),
(23,'Elin','Austin',1962,'Payroll Clerk'),
(24,'Ophelia','Wolf',2004,'Student'),
(25,'Eliot','McGuire',1967,'Dentist'),
(26,'Peter','McKinney',1968,'Professor'),
(27,'Annabella','Henry',1974,'Nurse'),
(28,'Anastasia','Baker',2001,'Student'),
(29,'Tyler','Baker',1984,'Police Officer'),
(30,'Lilian','Ross',1983,'Insurance Agent'),
(31,'Thierry','Arnold',1975,'Bus Driver'),
(32,'Angelina','Rowe',1979,'Firefighter'),
(33,'Marcia','Rowe',1974,'Health Educator'),
(34,'Martin','Rowe',1976,'Ship Engineer'),
(35,'Adeline','Rowe',2005,'Student'),
(36,'Colette','Rowe',1963,'Professor'),
(37,'Diane','Clark',1975,'Payroll Clerk'),
(38,'Caroline','Clark',1960,'Dentist'),
(39,'Dalton','Clayton',1982,'Police Officer'),
(40,'Steve','Clayton',1990,'Bus Driver'),
(41,'Melanie','Clayton',1987,'Computer Engineer'),
(42,'Alana','Wilson',2007,'Student'),
(43,'Carson','Byrne',1995,'Food Scientist'),
(44,'Conrad','Byrne',2007,'Student'),
(45,'Ryan','Porter',2008,'Student'),
(46,'Elin','Porter',1978,'Computer Programmer'),
(47,'Tyler','Harvey',2007,'Student'),
(48,'Arya','Harvey',2008,'Student'),
(49,'Serena','Harvey',1978,'School Teacher'),
(50, 'Lilly', 'Franklin', 1976, 'Doctor'),
(51, 'Mai', 'Franklin', 1994, 'Dentist'),
(52, 'John', 'Franklin', 1999, 'Firefighter'),
(53, 'Judy', 'Franklin', 1995, 'Firefighter'),
(54, 'Katy', 'Lloyd', 1992, 'School Teacher'),
(55, 'Tamara', 'Allen', 1963, 'Ship Engineer'),
(56, 'Maxim', 'Lyons', 1985, 'Police Officer'),
(57, 'Allan', 'Lyons', 1983, 'Computer Engineer'),
(58, 'Marc' , 'Harris' , 1980 , 'School Teacher' ),
(59 , 'Elin' , 'Young' , 2009 , 'Student' ),
(60,'Diana','Young',2008,'Student'),
(61,'Diane','Young',2006,'Student'),
(62,'Alana','Bird',2003,'Student'),
(63,'Anna','Becker',1979,'Security Agent'),
(64,'Katie','Grant',1977,'Manager'),
(65,'Joan','Grant',2010,'Student'),
(66,'Bryan','Bell',2001,'Student'),
(67,'Belle','Miller',1970,'Professor'),
(68,'Peggy','Stevens',1990,'Bus Driver'),
(69,'Steve','Williamson',1975,'HR Clerk'),
(70,'Tyler','Williamson',1999,'Doctor'),
(71,'Izabelle','Williamson',1990,'Systems Analyst'),
(72,'Annabel','Williamson',1960,'Cashier'),
(73,'Mohamed','Waters',1966,'Insurance Agent'),
(74,'Marion','Newman',1970,'Computer Programmer'),
(75,'Ada','Williams',1986,'Computer Programmer'),
(76,'Sean','Scott',1983,'Bus Driver'),
(77,'Farrah','Scott',1974,'Ship Engineer'),
(78, 'Christine' , 'Lambert' , 1973 , 'School Teacher' ),
(79 , 'Alysha' , 'Lambert' , 2007 , 'Student' ),
(80, 'Maia', 'Grant', 1984, 'School Teacher' );



create table Borrower(
	BorrowID int NOT NULL AUTO_INCREMENT primary key,
    ClientID int,
    BookID int,
    BorrowDate DATE
    );
    
INSERT INTO Borrower VALUES
  (1, 35, 17, '2016-07-20'),
  (2, 1, 3, '2017-04-19'),
  (3, 42, 8, '2016-10-03'),
  (4, 62, 16, '2016-04-05'),
  (5, 53, 13, '2017-01-17'),
  (6, 33, 15, '2015-11-26'),
  (7, 40, 14, '2015-01-21'),
  (8, 64, 2, '2017-09-10'),
  (9, 56, 30, '2017-08-02'),
  (10, 23, 2, '2018-06-28'),
  (11, 46, 19, '2015-11-18'),
  (12, 61, 20, '2015-11-24'),
  (13, 58, 7, '2017-06-17'),
  (14, 46, 16, '2017-02-12'),
  (15, 80, 21, '2018-03-18'),
  (16, 51, 23, '2015-09-01'),
  (17, 49, 18, '2015-07-28'),
  (18, 43, 18, '2015-11-04'),
  (19, 30, 2, '2018-08-10'),
  (20, 48, 24, '2015-05-13'),
  (21, 71, 5, '2016-09-05'),
  (22, 35, 3, '2016-07-03'),
  (23, 57, 1, '2015-03-17'),
  (24, 23, 25, '2017-08-16'),
  (25, 20, 12, '2018-07-24'),
  (26, 25, 7, '2015-01-31'),
  (27, 72, 29, '2016-04-10'),
  (28, 74, 20, '2017-07-31'),
  (29, 53, 14, '2016-02-20'),
  (30, 32, 10, '2017-07-24'),
  (31, 12, 15, '2018-04-25'),
  (32, 77, 13, '2017-06-09'),
  (33, 30, 4, '2017-10-24'),
  (34, 37, 24, '2016-01-14'),
  (35, 27, 26, '2017-06-05'),
  (36, 1, 16, '2018-05-06'),
  (37, 21, 9, '2016-03-19'),
  (38, 69, 28, '2017-03-29'),
  (39, 17, 19, '2017-03-14'),
  (40, 8, 9, '2016-04-22'),
  (41, 63, 6, '2018-01-12'),
  (42, 79, 22, '2016-12-03'),
  (43, 14, 27, '2016-11-01'),
  (44, 6, 22, '2018-05-29'),
  (45, 54, 11, '2017-04-05'),
  (46, 76, 24, '2016-09-16'),
  (47, 19, 5, '2018-02-21'),
  (48, 7, 27, '2017-09-12'),
  (49, 61, 30, '2017-01-30'),
  (50, 44, 25, '2017-02-19'),
  (51, 18, 26, '2018-06-11'),
  (52, 9, 16, '2016-02-07'),
  (53, 37, 29, '2017-12-09'),
  (54, 22, 1, '2018-07-05'),
  (55, 66, 17, '2016-09-26'),
  (56, 47, 13, '2016-04-18'),
  (57, 38, 8, '2017-02-13'),
  (58, 28, 3, '2018-04-30'),
  (59, 73, 15, '2017-03-21'),
  (60, 51, 2, '2016-12-15'),
  (61, 45, 30, '2017-08-27'),
  (62, 59, 19, '2016-06-07'),
  (63, 3, 20, '2018-09-19'),
  (64, 68, 7, '2017-10-02'),
  (65, 63, 16, '2018-06-14'),
  (66, 29, 21, '2016-07-23'),
  (67, 60, 23, '2016-02-02'),
  (68, 50, 18, '2018-03-07'),
  (69, 39, 18, '2017-11-28'),
  (70, 16, 2, '2016-11-09'),
  (71, 70, 24, '2016-12-27'),
  (72, 34, 5, '2018-08-18'),
  (73, 75, 3, '2016-12-01'),
  (74, 52, 1, '2018-09-05'),
  (75, 65, 25, '2016-10-19'),
  (76, 24, 12, '2017-02-03'),
  (77, 31, 7, '2018-06-27'),
  (78, 67, 29, '2017-07-10'),
  (79, 41, 20, '2018-04-12'),
  (80, 43, 14, '2016-08-13'),
  (81, 4, 9, '2018-02-28'),
  (82, 10, 6, '2017-12-24'),
  (83, 69, 22, '2016-03-05'),
  (84, 26, 27, '2018-05-21'),
  (85, 57, 11, '2016-11-28'),
  (86, 2, 24, '2017-09-20'),
  (87, 21, 5, '2017-01-07'),
  (88, 56, 27, '2018-01-15'),
  (89, 53, 30, '2016-03-28'),
  (90, 14, 25, '2018-06-02'),
  (91, 13, 26, '2016-02-19'),
  (92, 42, 16, '2017-12-15'),
  (93, 8, 29, '2017-05-17'),
  (94, 17, 1, '2018-07-12'),
  (95, 61, 17, '2016-10-02'),
  (96, 46, 13, '2016-05-25'),
  (97, 55, 8, '2018-03-19'),
  (98, 30, 3, '2017-04-04'),
  (99, 74, 15, '2016-07-24'),
  (100, 32, 2, '2017-01-18'),
  (101, 58, 30, '2016-04-22'),
  (102, 36, 19, '2018-01-06'),
  (103, 19, 20, '2017-08-01'),
  (104, 64, 7, '2016-09-12'),
  (105, 25, 16, '2018-07-26'),
  (106, 33, 21, '2017-04-15'),
  (107, 62, 23, '2016-01-31'),
  (108, 49, 18, '2018-02-28'),
  (109, 40, 18, '2017-11-20'),
  (110, 15, 2, '2016-10-01'),
  (111, 71, 24, '2017-01-19'),
  (112, 35, 5, '2018-09-09'),
  (113, 76, 3, '2016-11-22'),
  (114, 54, 1, '2018-08-08'),
  (115, 72, 25, '2016-09-23'),
  (116, 23, 12, '2017-01-16'),
  (117, 30, 7, '2018-05-12'),
  (118, 66, 29, '2017-06-25'),
  (119, 42, 20, '2018-03-27'),
  (120, 44, 14, '2016-07-26'),
  (121, 5, 9, '2018-01-10'),
  (122, 11, 6, '2017-10-08'),
  (123, 70, 22, '2016-01-23'),
  (124, 27, 27, '2018-04-09'),
  (125, 59, 11, '2016-10-30'),
  (126, 3, 24, '2017-08-23'),
  (127, 22, 5, '2017-01-30'),
  (128, 57, 27, '2018-02-07'),
  (129, 54, 30, '2016-04-15'),
  (130, 13, 25, '2016-02-27'),
  (131, 12, 26, '2016-03-13'),
  (132, 41, 16, '2018-01-18'),
  (133, 7, 29, '2017-04-20'),
  (134, 16, 1, '2018-07-19'),
  (135, 60, 17, '2016-10-16'),
  (136, 45, 13, '2016-06-08'),
  (137, 54, 8, '2018-03-06'),
  (138, 29, 3, '2017-05-23'),
  (139, 74, 15, '2016-08-14'),
  (140, 42, 2, '2017-01-07'),
  (141, 11, 30, '2016-05-05'),
  (142, 58, 19, '2018-02-17'),
  (143, 18, 20, '2017-09-13'),
  (144, 63, 7, '2016-09-27'),
  (145, 24, 16, '2018-08-11'),
  (146, 32, 21, '2017-05-04'),
  (147, 61, 23, '2016-02-19'),
  (148, 48, 18, '2018-03-18'),
  (149, 39, 18, '2017-12-08'),
  (150, 14, 2, '2016-10-28'),
  (151, 70, 24, '2017-02-14'),
  (152, 34, 5, '2018-10-30'),
  (153, 75, 3, '2016-12-13'),
  (154, 53, 1, '2018-09-27'),
  (155, 71, 25, '2016-10-06'),
  (156, 22, 12, '2017-02-03'),
  (157, 29, 7, '2018-05-31'),
  (158, 65, 29, '2017-07-13'),
  (159, 41, 20, '2018-04-11'),
  (160, 43, 14, '2016-08-11'),
  (161, 4, 9, '2018-02-05'),
  (162, 10, 6, '2017-11-03'),
  (163, 69, 22, '2016-02-03'),
  (164, 26, 27, '2018-04-25'),
  (165, 58, 11, '2016-11-12'),
  (166, 2, 24, '2017-09-05'),
  (167, 21, 5, '2017-02-12'),
  (168, 56, 27, '2018-02-20'),
  (169, 53, 30, '2016-04-08'),
  (170, 12, 25, '2016-03-21'),
  (171, 11, 26, '2016-04-06'),
  (172, 40, 16, '2018-02-09'),
  (173, 6, 29, '2017-05-14'),
  (174, 15, 1, '2018-07-06'),
  (175, 59, 17, '2016-11-03'),
  (176, 44, 13, '2016-06-25'),
  (177, 53, 8, '2018-03-23'),
  (178, 28, 3, '2017-06-10'),
  (179, 73, 15, '2016-09-01'),
  (180, 41, 2, '2017-01-24'),
  (181, 10, 30, '2016-05-22'),
  (182, 57, 19, '2018-02-01'),
  (183, 17, 20, '2017-09-26'),
  (184, 62, 7, '2016-10-08'),
  (185, 23, 16, '2018-08-22'),
  (186, 31, 21, '2017-05-18'),
  (187, 60, 23, '2016-02-07'),
  (188, 47, 18, '2018-03-08'),
  (189, 38, 18, '2017-12-30'),
  (190, 13, 2, '2016-11-18'),
  (191, 70, 24, '2017-02-05'),
  (192, 33, 5, '2018-10-23'),
  (193, 74, 3, '2016-12-07'),
  (194, 52, 1, '2018-09-21'),
  (195, 72, 25, '2016-10-01'),
  (196, 21, 12, '2017-02-12'),
  (197, 28, 7, '2018-05-20'),
  (198, 64, 29, '2017-07-03'),
  (199, 40, 20, '2018-04-05'),
  (200, 42, 14, '2016-08-01'),
  (201, 8, 9, '2018-01-28'),
  (202, 19, 6, '2017-11-01'),
  (203, 68, 22, '2016-01-25'),
  (204, 24, 27, '2018-04-17'),
  (205, 57, 11, '2016-10-25'),
  (206, 1, 24, '2017-08-28'),
  (207, 20, 5, '2017-02-09'),
  (208, 55, 27, '2018-02-13'),
  (209, 52, 30, '2016-03-31'),
  (210, 11, 25, '2016-03-14'),
  (211, 10, 26, '2016-03-30'),
  (212, 39, 16, '2018-01-29'),
  (213, 5, 29, '2017-05-04'),
  (214, 14, 1, '2018-06-25'),
  (215, 58, 17, '2016-10-22'),
  (216, 43, 13, '2016-06-14'),
  (217, 52, 8, '2018-03-15'),
  (218, 27, 3, '2017-05-30'),
  (219, 72, 15, '2016-08-16'),
  (220, 40, 2, '2017-01-07'),
  (221, 9, 30, '2016-05-05'),
  (222, 56, 19, '2018-01-24'),
  (223, 16, 20, '2017-09-17'),
  (224, 61, 7, '2016-10-02'),
  (225, 22, 16, '2018-08-10'),
  (226, 30, 21, '2017-05-04'),
  (227, 59, 23, '2016-01-26'),
  (228, 46, 18, '2018-02-24'),
  (229, 37, 18, '2017-12-16'),
  (230, 12, 2, '2016-11-04'),
  (231, 69, 24, '2017-01-26'),
  (232, 32, 5, '2018-05-13'),
  (233, 73, 3, '2016-11-27'),
  (234, 51, 1, '2018-09-11'),
  (235, 70, 25, '2016-09-27'),
  (236, 20, 12, '2017-01-22'),
  (237, 27, 7, '2018-05-05'),
  (238, 63, 29, '2017-06-22'),
  (239, 39, 20, '2018-04-01'),
  (240, 41, 14, '2016-07-29'),
  (241, 3, 9, '2018-02-22'),
  (242, 18, 6, '2017-10-22'),
  (243, 68, 22, '2016-01-18'),
  (244, 23, 27, '2018-03-31'),
  (245, 57, 11, '2016-10-20'),
  (246, 1, 24, '2017-08-25'),
  (247, 19, 5, '2017-02-02'),
  (248, 54, 27, '2018-02-08'),
  (249, 50, 30, '2016-03-27'),
  (250, 12, 25, '2016-03-09'),
  (251, 7, 14, '2018-01-10'),
  (252, 16, 12, '2017-08-07'),
  (253, 5, 3, '2017-02-25'),
  (254, 59, 15, '2018-01-18'),
  (255, 38, 2, '2016-06-17'),
  (256, 10, 18, '2017-12-09'),
  (257, 29, 9, '2018-06-23'),
  (258, 49, 28, '2016-02-06'),
  (259, 8, 11, '2017-12-17'),
  (260, 56, 4, '2018-08-02'),
  (261, 70, 26, '2016-12-20'),
  (262, 36, 29, '2016-04-10'),
  (263, 61, 19, '2018-07-14'),
  (264, 23, 7, '2017-02-14'),
  (265, 52, 6, '2017-10-10'),
  (266, 2, 27, '2018-02-04'),
  (267, 12, 5, '2018-08-26'),
  (268, 19, 4, '2017-05-16'),
  (269, 39, 17, '2018-04-27'),
  (270, 56, 16, '2017-07-03'),
  (271, 24, 15, '2017-11-10'),
  (272, 7, 3, '2018-04-07'),
  (273, 63, 11, '2016-07-09'),
  (274, 58, 24, '2017-01-13'),
  (275, 1, 26, '2016-01-28'),
  (276, 10, 7, '2016-03-03'),
  (277, 50, 14, '2016-07-27'),
  (278, 18, 9, '2018-06-09'),
  (279, 41, 2, '2016-12-03'),
  (280, 3, 23, '2017-11-25'),
  (281, 19, 28, '2018-03-12'),
  (282, 64, 21, '2017-06-30'),
  (283, 27, 16, '2017-02-16'),
  (284, 52, 27, '2018-08-10'),
  (285, 7, 17, '2017-04-15'),
  (286, 31, 30, '2017-08-30'),
  (287, 56, 5, '2016-12-17'),
  (288, 66, 25, '2016-02-20'),
  (289, 23, 18, '2018-05-08'),
  (290, 39, 19, '2017-07-19'),
  (291, 48, 16, '2016-06-25'),
  (292, 28, 11, '2017-04-30'),
  (293, 54, 15, '2017-11-12'),
  (294, 43, 22, '2017-08-15'),
  (295, 4, 20, '2016-02-25'),
  (296, 20, 1, '2017-07-06'),
  (297, 53, 13, '2018-07-21'),
  (298, 66, 4, '2018-05-19'),
  (299, 32, 28, '2016-05-14'),
  (300, 9, 9, '2016-10-05');






    

